{
    "categories": [
        {
            "id": 1,
            "name": "Luggages",
            "image": "cat_luggages.webp",
            "resp_image": "navbar-img-2.webp",
            "link": "/collections/luggages"
        },
        {
            "id": 2,
            "name": "Backpacks",
            "image": "cat_backpacks.avif",
            "resp_image": "navbar-img-3.webp",
            "link": "/collections/backpacks"
        },
        {
            "id": 3,
            "name": "Briefcase",
            "image": "cat_briefcase.avif",
            "resp_image": "navbar-img-4.webp",
            "link": "/collections/briefcase"
        },
        {
            "id": 4,
            "name": "Duffle Bags",
            "image": "cat_totes.avif",
            "resp_image": "navbar-img-1.webp",
            "link": "/collections/duffle-bags"
        },
        {
            "id": 5,
            "name": "Slings",
            "image": "cat_slings.avif",
            "resp_image": "navbar-img-2.webp",
            "link": "/collections/slings"
        },
        {
            "id": 6,
            "name": "Collections",
            "image": "cat_accessories.avif",
            "resp_image": "navbar-img-2.webp",
            "link": "/collections/all"
        },
        {
            "id": 7,
            "name": "Gift Card",
            "image": "cat_giftcard.avif",
            "resp_image": "navbar-img-2.webp",
            "link": "/gifting"
        },
        {
            "id": 8,
            "name": "Our Stores",
            "image": "cat_stores.avif",
            "resp_image": "navbar-img-2.webp",
            "link": "/gifting"
        }
    ]
}